[
  {
    "grupo": "120363401045648865@g.us",
    "usus": [
      {
        "id": "556298785242@s.whatsapp.net",
        "coins": 210,
        "data": "15/05/2025",
        "chances": {
          "cassino": 0,
          "minerar": 0
        }
      },
      {
        "id": "554599941804@s.whatsapp.net",
        "coins": 70,
        "data": "11/05/2025",
        "chances": {
          "cassino": 0,
          "minerar": 0
        }
      },
      {
        "id": "5527992824398@s.whatsapp.net",
        "coins": 0,
        "data": 0,
        "chances": {
          "cassino": 0,
          "minerar": 0
        }
      },
      {
        "id": "554891905569@s.whatsapp.net",
        "coins": 0,
        "data": 0,
        "chances": {
          "cassino": 0,
          "minerar": 0
        }
      },
      {
        "id": "5511981696711@s.whatsapp.net",
        "coins": 70,
        "data": "14/05/2025",
        "chances": {
          "cassino": 0,
          "minerar": 0
        }
      },
      {
        "id": "5511961646340@s.whatsapp.net",
        "coins": 0,
        "data": 0,
        "chances": {
          "cassino": 0,
          "minerar": 0
        }
      },
      {
        "id": "5519982515811@s.whatsapp.net",
        "coins": 0,
        "data": 0,
        "chances": {
          "cassino": 0,
          "minerar": 0
        }
      },
      {
        "id": "553899645151@s.whatsapp.net",
        "coins": 35,
        "data": "11/05/2025",
        "chances": {
          "cassino": 0,
          "minerar": 0
        }
      },
      {
        "id": "555198413923@s.whatsapp.net",
        "coins": 0,
        "data": 0,
        "chances": {
          "cassino": 0,
          "minerar": 0
        }
      },
      {
        "id": "5527988546149@s.whatsapp.net",
        "coins": 35,
        "data": "11/05/2025",
        "chances": {
          "cassino": 0,
          "minerar": 0
        }
      },
      {
        "id": "559293709745@s.whatsapp.net",
        "coins": 0,
        "data": 0,
        "chances": {
          "cassino": 0,
          "minerar": 0
        }
      },
      {
        "id": "5521998613673@s.whatsapp.net",
        "coins": 0,
        "data": 0,
        "chances": {
          "cassino": 0,
          "minerar": 0
        }
      },
      {
        "id": "553598537783@s.whatsapp.net",
        "coins": 35,
        "data": "12/05/2025",
        "chances": {
          "cassino": 0,
          "minerar": 0
        }
      },
      {
        "id": "5521959250387@s.whatsapp.net",
        "coins": 0,
        "data": 0,
        "chances": {
          "cassino": 0,
          "minerar": 0
        }
      },
      {
        "id": "559991993622@s.whatsapp.net",
        "coins": 35,
        "data": "15/05/2025",
        "chances": {
          "cassino": 0,
          "minerar": 0
        }
      },
      {
        "id": "5524998374143@s.whatsapp.net",
        "coins": 35,
        "data": "13/05/2025",
        "chances": {
          "cassino": 0,
          "minerar": 0
        }
      },
      {
        "id": "5521973999158@s.whatsapp.net",
        "coins": 0,
        "data": 0,
        "chances": {
          "cassino": 0,
          "minerar": 0
        }
      },
      {
        "id": "244943110600@s.whatsapp.net",
        "coins": 35,
        "data": "14/05/2025",
        "chances": {
          "cassino": 0,
          "minerar": 0
        }
      },
      {
        "id": "559891402690@s.whatsapp.net",
        "coins": 0,
        "data": 0,
        "chances": {
          "cassino": 0,
          "minerar": 0
        }
      },
      {
        "id": "5524998371313@s.whatsapp.net",
        "coins": 35,
        "data": "15/05/2025",
        "chances": {
          "cassino": 0,
          "minerar": 0
        }
      },
      {
        "id": "554197220960@s.whatsapp.net",
        "coins": 35,
        "data": "15/05/2025",
        "chances": {
          "cassino": 0,
          "minerar": 0
        }
      }
    ]
  }
]
