[
  {
    "grupo": "120363311068401630@g.us",
    "usus": []
  },
  {
    "grupo": "120363406662284485@g.us",
    "usus": []
  },
  {
    "grupo": "120363107384244433@g.us",
    "usus": []
  },
  {
    "grupo": "120363289497281984@g.us",
    "usus": []
  },
  {
    "grupo": "120363411142425993@g.us",
    "usus": []
  },
  {
    "grupo": "120363314674230417@g.us",
    "usus": []
  },
  {
    "grupo": "120363389763246824@g.us",
    "usus": []
  },
  {
    "grupo": "120363389851024033@g.us",
    "usus": []
  },
  {
    "grupo": "120363392715582037@g.us",
    "usus": []
  },
  {
    "grupo": "120363398659436910@g.us",
    "usus": []
  },
  {
    "grupo": "120363396759149819@g.us",
    "usus": []
  },
  {
    "grupo": "120363419700251544@g.us",
    "usus": []
  },
  {
    "grupo": "120363303979020004@g.us",
    "usus": []
  },
  {
    "grupo": "120363414080400920@g.us",
    "usus": []
  },
  {
    "grupo": "120363413129161505@g.us",
    "usus": []
  },
  {
    "grupo": "554984058757-1622337526@g.us",
    "usus": []
  },
  {
    "grupo": "120363390025838922@g.us",
    "usus": []
  },
  {
    "grupo": "120363417655667676@g.us",
    "usus": []
  },
  {
    "grupo": "120363399024200281@g.us",
    "usus": []
  },
  {
    "grupo": "120363327400266254@g.us",
    "usus": []
  },
  {
    "grupo": "120363333241795221@g.us",
    "usus": []
  },
  {
    "grupo": "120363292507107648@g.us",
    "usus": []
  },
  {
    "grupo": "120363344845735219@g.us",
    "usus": []
  },
  {
    "grupo": "120363380268144103@g.us",
    "usus": []
  },
  {
    "grupo": "120363419398434756@g.us",
    "usus": []
  },
  {
    "grupo": "120363409595383011@g.us",
    "usus": []
  },
  {
    "grupo": "120363391372033286@g.us",
    "usus": []
  },
  {
    "grupo": "120363211993969283@g.us",
    "usus": []
  },
  {
    "grupo": "553598396051-1620261152@g.us",
    "usus": []
  },
  {
    "grupo": "120363290617610834@g.us",
    "usus": []
  },
  {
    "grupo": "120363384385989790@g.us",
    "usus": []
  },
  {
    "grupo": "120363041759698518@g.us",
    "usus": []
  },
  {
    "grupo": "120363361395122576@g.us",
    "usus": []
  },
  {
    "grupo": "120363394981733156@g.us",
    "usus": []
  },
  {
    "grupo": "120363417465911130@g.us",
    "usus": []
  },
  {
    "grupo": "120363392839697578@g.us",
    "usus": []
  },
  {
    "grupo": "120363365383026720@g.us",
    "usus": []
  },
  {
    "grupo": "120363359420164875@g.us",
    "usus": []
  },
  {
    "grupo": "120363419259128011@g.us",
    "usus": []
  },
  {
    "grupo": "120363373019994059@g.us",
    "usus": []
  },
  {
    "grupo": "120363384991216437@g.us",
    "usus": []
  },
  {
    "grupo": "120363366213698620@g.us",
    "usus": []
  },
  {
    "grupo": "120363353314262611@g.us",
    "usus": []
  },
  {
    "grupo": "120363152697530787@g.us",
    "usus": []
  },
  {
    "grupo": "120363417752016610@g.us",
    "usus": []
  },
  {
    "grupo": "120363391242864838@g.us",
    "usus": []
  },
  {
    "grupo": "120363417760539216@g.us",
    "usus": []
  },
  {
    "grupo": "120363381808287870@g.us",
    "usus": []
  },
  {
    "grupo": "120363396590112938@g.us",
    "usus": []
  },
  {
    "grupo": "120363024495731269@g.us",
    "usus": []
  },
  {
    "grupo": "120363152865794115@g.us",
    "usus": []
  },
  {
    "grupo": "120363396872294289@g.us",
    "usus": []
  },
  {
    "grupo": "120363167584151951@g.us",
    "usus": []
  },
  {
    "grupo": "120363388113648619@g.us",
    "usus": []
  },
  {
    "grupo": "120363352557185474@g.us",
    "usus": []
  },
  {
    "grupo": "554396631230-1632098071@g.us",
    "usus": []
  },
  {
    "grupo": "120363030539613653@g.us",
    "usus": []
  },
  {
    "grupo": "120363396209873702@g.us",
    "usus": []
  },
  {
    "grupo": "120363304569761240@g.us",
    "usus": []
  },
  {
    "grupo": "120363187417933687@g.us",
    "usus": []
  },
  {
    "grupo": "120363223941184397@g.us",
    "usus": []
  },
  {
    "grupo": "120363412393905072@g.us",
    "usus": []
  },
  {
    "grupo": "120363152256905046@g.us",
    "usus": []
  },
  {
    "grupo": "120363392955575557@g.us",
    "usus": []
  },
  {
    "grupo": "120363042537531116@g.us",
    "usus": []
  },
  {
    "grupo": "120363262743835190@g.us",
    "usus": []
  },
  {
    "grupo": "120363401933181296@g.us",
    "usus": []
  },
  {
    "grupo": "120363371418533891@g.us",
    "usus": []
  },
  {
    "grupo": "120363327599059929@g.us",
    "usus": []
  },
  {
    "grupo": "120363245632444613@g.us",
    "usus": []
  },
  {
    "grupo": "120363203362158009@g.us",
    "usus": []
  },
  {
    "grupo": "120363418507377273@g.us",
    "usus": []
  },
  {
    "grupo": "120363400700201516@g.us",
    "usus": []
  },
  {
    "grupo": "120363399524666461@g.us",
    "usus": []
  },
  {
    "grupo": "120363416260133283@g.us",
    "usus": []
  },
  {
    "grupo": "120363359516683265@g.us",
    "usus": []
  },
  {
    "grupo": "120363397486850534@g.us",
    "usus": []
  },
  {
    "grupo": "120363332422760303@g.us",
    "usus": []
  },
  {
    "grupo": "120363410239814585@g.us",
    "usus": []
  },
  {
    "grupo": "120363398318374237@g.us",
    "usus": []
  },
  {
    "grupo": "120363392705680731@g.us",
    "usus": []
  },
  {
    "grupo": "120363156627541571@g.us",
    "usus": []
  },
  {
    "grupo": "120363374167516181@g.us",
    "usus": []
  },
  {
    "grupo": "120363378410994334@g.us",
    "usus": []
  },
  {
    "grupo": "120363417137074413@g.us",
    "usus": []
  },
  {
    "grupo": "120363401045648865@g.us",
    "usus": []
  },
  {
    "grupo": "120363419598527059@g.us",
    "usus": []
  },
  {
    "grupo": "120363077523460958@g.us",
    "usus": []
  },
  {
    "grupo": "120363422750838929@g.us",
    "usus": []
  },
  {
    "grupo": "120363418293065320@g.us",
    "usus": []
  },
  {
    "grupo": "120363150811955682@g.us",
    "usus": []
  },
  {
    "grupo": "120363169728793564@g.us",
    "usus": []
  },
  {
    "grupo": "120363381685479715@g.us",
    "usus": []
  },
  {
    "grupo": "120363353845327347@g.us",
    "usus": []
  },
  {
    "grupo": "120363399902664610@g.us",
    "usus": []
  },
  {
    "grupo": "120363114232757105@g.us",
    "usus": []
  },
  {
    "grupo": "120363030997971903@g.us",
    "usus": []
  },
  {
    "grupo": "120363043111262854@g.us",
    "usus": []
  },
  {
    "grupo": "120363384967388642@g.us",
    "usus": []
  },
  {
    "grupo": "120363418724222180@g.us",
    "usus": []
  },
  {
    "grupo": "120363407443779281@g.us",
    "usus": []
  },
  {
    "grupo": "120363371885058125@g.us",
    "usus": []
  },
  {
    "grupo": "120363397690690537@g.us",
    "usus": []
  },
  {
    "grupo": "120363400750552713@g.us",
    "usus": []
  },
  {
    "grupo": "120363419928912723@g.us",
    "usus": []
  },
  {
    "grupo": "120363375910094713@g.us",
    "usus": []
  },
  {
    "grupo": "120363174849723426@g.us",
    "usus": []
  },
  {
    "grupo": "120363398444248624@g.us",
    "usus": []
  },
  {
    "grupo": "120363349405389858@g.us",
    "usus": []
  },
  {
    "grupo": "120363195285721424@g.us",
    "usus": []
  },
  {
    "grupo": "120363419285771113@g.us",
    "usus": []
  },
  {
    "grupo": "120363416994588128@g.us",
    "usus": []
  },
  {
    "grupo": "120363419333891941@g.us",
    "usus": []
  },
  {
    "grupo": "120363419252680355@g.us",
    "usus": []
  },
  {
    "grupo": "120363207577610913@g.us",
    "usus": []
  },
  {
    "grupo": "120363416149152123@g.us",
    "usus": []
  },
  {
    "grupo": "120363399462072402@g.us",
    "usus": []
  },
  {
    "grupo": "120363417348352778@g.us",
    "usus": []
  },
  {
    "grupo": "120363399542306492@g.us",
    "usus": []
  }
]